moive_id,movie_name,movie_introduce,movie_star,movie_evaluate,movie_describe
,肖申克的救赎,1994/美国/犯罪剧情,9.7,2477855人评价,希望让人自由。
,霸王别姬,1993/中国大陆中国香港/剧情爱情同性,9.6,1841909人评价,风华绝代。
,阿甘正传,1994/美国/剧情爱情,9.5,1862053人评价,一部美国近现代史。
,这个杀手不太冷,1994/法国美国/剧情动作犯罪,9.4,2025393人评价,怪蜀黍和小萝莉不得不说的故事。
,指环王1：护戒使者,2001/新西兰美国/剧情动作奇幻冒险,9.1,726679人评价,传说的开始。
,辩护人,2013/韩国/剧情,9.2,516847人评价,电影的现实意义大过电影本身。
,泰坦尼克号,1997/美国墨西哥澳大利亚加拿大/剧情爱情灾难,9.4,1823796人评价,失去的才是永恒的。 
,美丽人生,1997/意大利/剧情喜剧爱情战争,9.6,1141366人评价,最美的谎言。
,功夫,2004/中国大陆中国香港/动作喜剧犯罪奇幻,8.7,898172人评价,警恶惩奸，维护世界和平这个任务就交给你了，好吗？
,超脱,2011/美国/剧情,8.9,444067人评价,穷尽一生，我们要学会的，不过是彼此拥抱。
,甜蜜蜜,1996/中国香港/剧情爱情,8.9,446684人评价,相逢只要一瞬间，等待却像是一辈子。
,萤火之森,2011/日本/剧情爱情动画奇幻,8.9,447415人评价,触不到的恋人。
,让子弹飞,2010/中国大陆中国香港/剧情喜剧动作西部,8.9,1419089人评价,你给我翻译翻译，神马叫做TMD的惊喜。
,大闹天宫,1961(中国大陆)/1964(中国大陆)/1978(中国大陆)/2004(中国大陆)/中国大陆/动画奇幻,9.4,360050人评价,经典之作，历久弥新。
,千与千寻,2001/日本/剧情动画奇幻,9.4,1942878人评价,最好的宫崎骏，最好的久石让。 
,辛德勒的名单,1993/美国/剧情历史战争,9.5,951683人评价,拯救一个人，就是拯救整个世界。
,天使爱美丽,2001/法国德国/剧情喜剧爱情,8.7,871898人评价,法式小清新。 
,哈利·波特与阿兹卡班的囚徒,2004/英国美国/奇幻冒险,8.8,565536人评价,不一样的导演，不一样的哈利·波特。
,驯龙高手,2010/美国/动画奇幻冒险,8.7,654129人评价,和谐的生活离不开摸头与被摸头。
,幸福终点站,2004/美国/喜剧剧情爱情,8.8,472571人评价,有时候幸福需要等一等。 
,玛丽和马克思,2009/澳大利亚美国/剧情喜剧动画,8.9,379589人评价,你是我最好的朋友，你是我唯一的朋友 。
,时空恋旅人,2013/英国/喜剧爱情奇幻,8.8,525760人评价,把每天当作最后一天般珍惜度过，积极拥抱生活，就是幸福。
,教父2,1974/美国/剧情犯罪,9.2,456722人评价,优雅的孤独。
,狮子王,1994/美国/动画冒险歌舞,9.1,711789人评价,动物版《哈姆雷特》。
,盗梦空间,2010/美国英国/剧情科幻悬疑冒险,9.3,1789751人评价,诺兰给了我们一场无法盗取的梦。
,忠犬八公的故事,2009/美国英国/剧情,9.4,1229539人评价,永远都不能忘记你所爱的人。
,惊魂记,1960/美国/悬疑惊悚恐怖,9.0,226041人评价,故事的反转与反转，分裂电影的始祖。
,爆裂鼓手,2014/美国/剧情音乐,8.7,489065人评价,这个世界从不善待努力的人，努力了也不一定会成功，但是知道自己在努力，就是活下去的动力。
,第六感,1999/美国/剧情悬疑惊悚,8.9,473787人评价,深入内心的恐怖，出人意料的结局。
,幽灵公主,1997/日本/动画奇幻冒险,8.9,458092人评价,人与自然的战争史诗。
,喜宴,1993/中国台湾美国/剧情喜剧爱情同性家庭,8.9,293957人评价,中国家庭的喜怒哀乐忍。
,寄生虫,2019/韩国/剧情喜剧,8.8,1175299人评价,
,触不可及,2011/法国/剧情喜剧,9.3,883764人评价,满满温情的高雅喜剧。
,末代皇帝,1987/英国意大利中国大陆法国/剧情传记历史,9.3,714740人评价,“不要跟我比惨，我比你更惨”再适合这部电影不过了。
,大鱼,2003/美国/剧情家庭奇幻冒险,8.8,494032人评价,抱着梦想而活着的人是幸福的，怀抱梦想而死去的人是不朽的。
,告白,2010/日本/剧情悬疑,8.8,600260人评价,没有一人完全善，也没有一人完全恶。
,死亡诗社,1989/美国/剧情,9.1,599596人评价,当一个死水般的体制内出现一个活跃的变数时，所有的腐臭都站在了光明的对面。
,黑客帝国,1999/美国/动作科幻,9.1,701758人评价,视觉革命。
,星际穿越,2014/美国英国加拿大/剧情科幻冒险,9.3,1466507人评价,爱是一种力量，让我们超越时空感知它的存在。
,楚门的世界,1998/美国/剧情科幻,9.3,1388933人评价,如果再也不能见到你，祝你早安，午安，晚安。
,贫民窟的百万富翁,2008/英国/剧情爱情,8.6,653695人评价,上帝之城+猜火车+阿甘正传+开心辞典=山寨富翁
,真爱至上,2003/英国美国法国/喜剧剧情爱情,8.6,622076人评价,爱，是个动词。
,唐伯虎点秋香,1993/中国香港/喜剧爱情古装,8.7,909062人评价,华太师是黄霑，吴镇宇四大才子之一。
,重庆森林,1994/中国香港/剧情爱情,8.8,683278人评价,寂寞没有期限。
,电锯惊魂,2004/美国/悬疑惊悚恐怖,8.7,448583人评价,真相就在眼前。
,新世界,2013/韩国/剧情犯罪,8.9,325307人评价,要做就做得狠一点，这样才能活下去。
,蝙蝠侠：黑暗骑士,2008/美国英国/剧情动作科幻犯罪惊悚,9.2,900411人评价,无尽的黑暗。
,寻梦环游记,2017/美国/喜剧动画奇幻音乐,9.1,1384168人评价,死亡不是真的逝去，遗忘才是永恒的消亡。
,阳光姐妹淘,2011/韩国/剧情喜剧,8.8,531549人评价,再多各自牛逼的时光，也比不上一起傻逼的岁月。 
,怪兽电力公司,2001/美国/儿童喜剧动画奇幻冒险,8.7,565138人评价,不要给它起名字，起了名字就有感情了。
,搏击俱乐部,1999/美国德国意大利/剧情动作悬疑惊悚,9.0,728781人评价,邪恶与平庸蛰伏于同一个母体，在特定的时间互相对峙。
,海蒂和爷爷,2015/德国瑞士/剧情冒险家庭,9.2,421296人评价,如果生活中有什么使你感到快乐，那就去做吧！不要管别人说什么。
,虎口脱险,1966/法国英国/喜剧战争,8.9,210795人评价,永远看不腻的喜剧。
,人工智能,2001/美国英国/剧情科幻,8.7,379355人评价,对爱的执着，可以超越一切。
,千钧一发,1997/美国/剧情科幻惊悚,8.8,234661人评价,一部能引人思考的科幻励志片。
,茶馆,1982/中国大陆/剧情历史,9.5,81057人评价,
,海上钢琴师,1998/意大利/剧情音乐,9.3,1454460人评价,每个人都要走一条自己坚定了的路，就算是粉身碎骨。 
,三傻大闹宝莱坞,2009/印度/剧情喜剧爱情歌舞,9.2,1629224人评价,英俊版憨豆，高情商版谢耳朵。
,九品芝麻官,1994/中国香港中国大陆/剧情喜剧古装,8.6,537119人评价,
,东邪西毒,1994/中国香港中国台湾/剧情动作爱情武侠古装,8.6,506447人评价,电影诗。
,小森林 夏秋篇,2014/日本/剧情,9.0,365114人评价,那些静得只能听见呼吸的日子里，你明白孤独即生活。
,阳光灿烂的日子,1994/中国大陆中国香港/剧情爱情,8.8,532065人评价,一场华丽的意淫。
,模仿游戏,2014/英国美国/剧情传记战争同性,8.7,532997人评价,他给机器起名“克里斯托弗”，因为这是他初恋的名字。
,花样年华,2000/中国香港/剧情爱情,8.7,500833人评价,偷情本没有这样美。
,活着,1994/中国大陆中国香港/剧情历史家庭,9.3,701577人评价,张艺谋最好的电影。
,指环王3：王者无敌,2003/美国新西兰/剧情动作奇幻冒险,9.3,687001人评价,史诗的终章。
,射雕英雄传之东成西就,1993/中国香港/喜剧奇幻武侠古装,8.7,553395人评价,百看不厌。 
,神偷奶爸,2010/美国法国/喜剧动画冒险,8.6,828714人评价,Mr. I Don't Care其实也有Care的时候。
,绿皮书,2018/美国中国大陆/剧情喜剧传记音乐,8.9,1351767人评价,去除成见，需要勇气。
,饮食男女,1994/中国台湾美国/剧情家庭,9.1,513583人评价,人生不能像做菜，把所有的料都准备好了才下锅。
,奇迹男孩,2017/美国中国香港/剧情儿童家庭,8.6,489992人评价,世界不完美，爱会有奇迹。
,海边的曼彻斯特,2016/美国/剧情家庭,8.6,419545人评价,我们都有权利不与自己的过去和解。
,谍影重重2,2004/美国德国/动作悬疑惊悚,8.7,306212人评价,谁说王家卫镜头很晃？
,黑客帝国2：重装上阵,2003/美国/动作科幻,8.6,335201人评价,一个精彩的世界观正在缓缓建立。
,机器人总动员,2008/美国/科幻动画冒险,9.3,1147359人评价,小瓦力，大人生。
,放牛班的春天,2004/法国瑞士德国/剧情喜剧音乐,9.3,1132227人评价,天籁一般的童声，是最接近上帝的存在。 
,绿里奇迹,1999/美国/犯罪剧情奇幻悬疑,8.9,264738人评价,天使暂时离开。
,小偷家族,2018/日本/剧情犯罪家庭,8.7,713663人评价,我们组成了家。
,爱在黎明破晓前,1995/美国奥地利瑞士/剧情爱情,8.8,548831人评价,缘分是个连绵词，最美不过一瞬。
,一一,2000/中国台湾日本/剧情爱情家庭,9.1,308947人评价,我们都曾经是一一。
,卢旺达饭店,2004/英国南非意大利美国/剧情传记历史战争,8.9,273835人评价,当这个世界闭上双眼，他却敞开了怀抱。
,黑客帝国3：矩阵革命,2003/美国/动作科幻,8.8,375391人评价,不得不说，《黑客帝国》系列是商业片与科幻、哲学完美结合的典范。
,哈利·波特与魔法石,2001/美国英国/奇幻冒险,9.1,957528人评价,童话世界的开端。
,乱世佳人,1939/美国/剧情历史爱情战争,9.3,594152人评价,Tomorrow is another day.
,傲慢与偏见,2005/法国英国美国/剧情爱情,8.7,672855人评价,爱是摈弃傲慢与偏见之后的曙光。
,教父3,1990/美国/剧情犯罪,9.0,306835人评价,任何信念的力量，都无法改变命运。
,美丽心灵,2001/美国/传记剧情,9.0,654588人评价,爱是一切逻辑和原由。
,窃听风暴,2006/德国/剧情悬疑,9.2,482012人评价,别样人生。
,初恋这件小事,2010/泰国/剧情喜剧爱情,8.4,876658人评价,黑小鸭速效美白记。
,遗愿清单,2007/美国/冒险喜剧剧情,8.7,356452人评价,用剩余不多的时间，去燃烧整个生命。
,海洋,2009/法国瑞士西班牙美国阿联酋摩纳哥/纪录片,9.1,143604人评价,大海啊，不全是水。
,崖上的波妞,2008/日本/动画奇幻冒险,8.6,402699人评价,
,无间道,2002/中国香港/剧情犯罪惊悚,9.3,1123780人评价,香港电影史上永不过时的杰作。
,疯狂动物城,2016/美国/喜剧动画冒险,9.2,1618806人评价,迪士尼给我们营造的乌托邦就是这样，永远善良勇敢，永远出乎意料。
,爱在午夜降临前,2013/美国希腊/剧情爱情,8.8,313814人评价,所谓爱情，就是话唠一路，都不会心生腻烦，彼此嫌弃。
,无敌破坏王,2012/美国/喜剧动画奇幻冒险,8.7,457480人评价,迪士尼和皮克斯拿错剧本的产物。
,蝙蝠侠：黑暗骑士崛起,2012/美国英国/剧情动作科幻犯罪惊悚,8.8,614470人评价,诺兰就是保证。
,菊次郎的夏天,1999/日本/剧情喜剧,8.8,500130人评价,从没见过那么流氓的温柔，从没见过那么温柔的流氓。
,风之谷,1984/日本/动画奇幻冒险,8.9,316214人评价,动画片的圣经。
,三块广告牌,2017/美国英国/剧情犯罪,8.7,712020人评价,怼天怼地，你走后，她与世界为敌。
,海豚湾,2009/美国/纪录片,9.3,322074人评价,海豚的微笑，是世界上最高明的伪装。
,致命魔术,2006/英国美国/剧情悬疑惊悚,8.9,737904人评价,孪生蝙蝠侠大战克隆金刚狼。
,何以为家,2018/黎巴嫩美国法国塞浦路斯卡塔尔英国/剧情,9.1,879640人评价,凝视卑弱生命，用电影改变命运。
,素媛,2013/韩国/剧情,9.3,576280人评价,受过伤害的人总是笑得最开心，因为他们不愿意让身边的人承受一样的痛苦。
,恐怖直播,2013/韩国/剧情犯罪悬疑,8.7,558606人评价,恐怖分子的“秋菊打官司”。
,玩具总动员3,2010/美国/喜剧动画奇幻冒险,8.9,434971人评价,跨度十五年的欢乐与泪水。
,本杰明·巴顿奇事,2008/美国/剧情爱情奇幻,8.9,846096人评价,在时间之河里感受溺水之苦。
,两杆大烟枪,1998/英国/剧情喜剧犯罪,9.1,518812人评价,4个臭皮匠顶个诸葛亮，盖·里奇果然不是盖的。
,大佛普拉斯,2017/中国台湾/剧情喜剧,8.7,361853人评价,人们可以登上月球，却永远无法探索人们内心的宇宙。
,罗生门,1950/日本/剧情犯罪悬疑,8.8,264986人评价,人生的N种可能性。
,阿飞正传,1990/中国香港/犯罪剧情爱情,8.5,431684人评价,王家卫是一种风格，张国荣是一个代表。
,穿越时空的少女,2006/日本/剧情爱情科幻动画,8.6,337082人评价,爱上未来的你。 
,大话西游之大圣娶亲,1995/中国香港中国大陆/喜剧爱情奇幻古装,9.2,1326378人评价,一生所爱。
,熔炉,2011/韩国/剧情,9.3,805815人评价,我们一路奋战不是为了改变世界，而是为了不让世界改变我们。
,黑天鹅,2010/美国/剧情惊悚,8.6,706494人评价,黑暗之美。
,冰川时代,2002/美国/喜剧动画冒险,8.6,534420人评价,松鼠才是角儿。
,消失的爱人,2014/美国/剧情犯罪悬疑惊悚,8.7,783334人评价,年度最佳date movie。
,入殓师,2008/日本/剧情,8.9,530237人评价,死可能是一道门，逝去并不是终结，而是超越，走向下一程。
,上帝之城,2002/巴西法国/犯罪剧情,9.0,264921人评价,被上帝抛弃了的上帝之城。
,疯狂原始人,2013/美国/喜剧动画冒险,8.7,738309人评价,老少皆宜，这就是好莱坞动画的魅力。
,沉默的羔羊,1991/美国/剧情犯罪惊悚,8.9,743227人评价,安东尼·霍普金斯的顶级表演。
,美国往事,1984/美国意大利/犯罪剧情,9.2,354336人评价,往事如烟，无处祭奠。
,飞屋环游记,2009/美国/剧情喜剧动画冒险,9.1,1145214人评价,最后那些最无聊的事情，才是最值得怀念的。 
,摔跤吧！爸爸,2016/印度/剧情传记运动家庭,9.0,1358537人评价,你不是在为你一个人战斗，你要让千千万万的女性看到女生并不是只能相夫教子。
,釜山行,2016/韩国/动作惊悚灾难,8.6,1017876人评价,揭露人性的丧尸题材力作。
,一个叫欧维的男人决定去死,2015/瑞典/剧情,8.9,368092人评价,惠及一生的美丽。
,情书,1995/日本/剧情爱情,8.9,888259人评价,暗恋的极致。
,穿条纹睡衣的男孩,2008/英国美国/剧情战争,9.1,454435人评价,尽管有些不切实际的幻想，这部电影依旧是一部感人肺腑的佳作。
,终结者2：审判日,1991/美国法国/动作科幻,8.8,297964人评价,少见的超越首部的续集，动作片中的经典。
,牯岭街少年杀人事件,1991/中国台湾/剧情犯罪,8.9,230120人评价,弱者送给弱者的一刀。
,谍影重重,2002/美国德国捷克/动作悬疑惊悚,8.6,366868人评价,哗啦啦啦啦，天在下雨，哗啦啦啦啦，云在哭泣……找自己。
,地球上的星星,2007/印度/剧情儿童家庭,8.9,179757人评价,天使保护事件始末。
,教父,1972/美国/剧情犯罪,9.3,810569人评价,千万不要记恨你的对手，这样会让你失去理智。
,当幸福来敲门,2006/美国/剧情传记家庭,9.1,1314396人评价,平民励志片。 
,你看起来好像很好吃,2010/日本/剧情动画儿童,8.9,290046人评价,感情不分食草或者食肉。
,萤火虫之墓,1988/日本/动画剧情战争,8.7,364618人评价,幸福是生生不息，却难以触及的远。 
,无人知晓,2004/日本/剧情,9.1,260064人评价,我的平常生活就是他人的幸福。
,超能陆战队,2014/美国/喜剧动作科幻动画冒险,8.7,866341人评价,Balalala~~~
,哈利·波特与火焰杯,2005/英国美国/悬疑奇幻冒险,8.7,512691人评价,
,谍影重重3,2007/美国德国/动作悬疑惊悚,8.8,365107人评价,像吃了苏打饼一样干脆的电影。
,哈利·波特与死亡圣器(下),2011/美国英国/奇幻冒险,8.9,684320人评价,10年的完美句点。
,禁闭岛,2010/美国/剧情悬疑惊悚,8.8,819080人评价,昔日翩翩少年，今日大腹便便。
,十二怒汉,1957/美国/剧情,9.4,401488人评价,1957年的理想主义。 
,哈尔的移动城堡,2004/日本/动画奇幻冒险,9.1,860744人评价,带着心爱的人在天空飞翔。
,哪吒闹海,1979/中国大陆/冒险动画奇幻,9.1,217682人评价,想你时你在闹海。
,血战钢锯岭,2016/澳大利亚美国/剧情传记历史战争,8.7,683130人评价,优秀的战争片不会美化战场，不会粉饰死亡，不会矮化敌人，不会无视常识，最重要的，不会宣扬战争。
,西西里的美丽传说,2000/意大利美国/剧情战争情色,8.9,838356人评价,美丽无罪。
,看不见的客人,2016/西班牙/剧情犯罪悬疑惊悚,8.8,1053999人评价,你以为你以为的就是你以为的。
,房间,2015/爱尔兰加拿大英国美国/剧情家庭,8.8,330680人评价,被偷走的岁月，被伤害的生命，被禁锢的灵魂，终将被希望和善意救赎。
,青蛇,1993/中国香港中国大陆/剧情爱情奇幻古装,8.6,446711人评价,人生如此，浮生如斯。谁人言，花彼岸，此生情长意短。谁都是不懂爱的罢了。
,背靠背，脸对脸,1994/中国大陆中国香港/剧情,9.5,83657人评价,
,完美陌生人,2016/意大利/剧情喜剧,8.5,466164人评价,来啊，互相伤害啊！
,龙猫,1988/日本/动画奇幻冒险,9.2,1097895人评价,人人心中都有个龙猫，童年就永远不会消失。
,控方证人,1957/美国/剧情犯罪悬疑,9.6,403705人评价,比利·怀德满分作品。
,疯狂的石头,2006/中国大陆中国香港/喜剧犯罪,8.5,694392人评价,中国版《两杆大烟枪》。
,雨人,1988/美国/剧情,8.7,354692人评价,生活在自己的世界里，也可以让周围的人显得可笑和渺小。
,小森林 冬春篇,2015/日本/剧情,9.0,326149人评价,尊敬他人，尊敬你生活的这片土地，明白孤独是人生的常态。
,哈利·波特与密室,2002/英国美国/奇幻冒险,8.8,591850人评价,魔法的密室之门已打开...
,英雄本色,1986/中国香港/剧情动作犯罪,8.6,450113人评价,英雄泪短，兄弟情长。 
,你的名字。,2016/日本/剧情爱情动画,8.5,1190604人评价,穿越错位的时空，仰望陨落的星辰，你没留下你的名字，我却无法忘记那句“我爱你”。
,蝴蝶效应,2004/美国加拿大/剧情悬疑科幻惊悚,8.8,801094人评价,人的命运被自己瞬间的抉择改变。
,布达佩斯大饭店,2014/美国德国英国/剧情喜剧冒险,8.9,768536人评价,小清新的故事里注入了大历史的情怀。
,少年派的奇幻漂流,2012/美国中国台湾英国加拿大/剧情奇幻冒险,9.1,1187686人评价,瑰丽壮观、无人能及的冒险之旅。
,我不是药神,2018/中国大陆/剧情喜剧,9.0,1807173人评价,对我们国家而言，这样的电影多一部是一部。
,被解救的姜戈,2012/美国/剧情动作西部冒险,8.8,517708人评价,热血沸腾，那个低俗、性感的无耻混蛋又来了。
,未麻的部屋,1997/日本/动画奇幻惊悚,9.0,256467人评价,好的剧本是，就算你猜到了结局也猜不到全部。
,飞越疯人院,1975/美国/剧情,9.1,487452人评价,自由万岁。
,拯救大兵瑞恩,1998/美国/剧情战争,9.0,555099人评价,美利坚精神输出大片No1.
,源代码,2011/美国加拿大/科幻悬疑惊悚,8.5,707291人评价,邓肯·琼斯继《月球》之后再度奉献出一部精彩绝伦的科幻佳作。
,无间道2,2003/中国香港/剧情犯罪惊悚,8.6,373846人评价,
,香水,2006/德国法国西班牙美国比利时/剧情犯罪奇幻,8.5,481767人评价,一个单凭体香达到高潮的男人。
,再次出发之纽约遇见你,2013/美国/喜剧爱情音乐,8.6,367552人评价,爱我就给我看你的播放列表。
,怦然心动,2010/美国/剧情喜剧爱情,9.1,1569735人评价,真正的幸福是来自内心深处。
,雨中曲,1952/美国/喜剧歌舞爱情,9.1,180749人评价,骨灰级歌舞片。
,完美的世界,1993/美国/剧情犯罪,9.1,251970人评价,坏人的好总是比好人的好来得更感人。
,倩女幽魂,1987/中国香港/爱情奇幻武侠古装,8.7,632626人评价,两张绝世的脸。 
,头脑特工队,2015/美国/喜剧动画冒险,8.7,511226人评价,愿我们都不用长大，每一座城堡都能永远存在。
,达拉斯买家俱乐部,2013/美国/剧情传记同性,8.8,386662人评价,Jared Leto的腿比女人还美！
,心灵捕手,1997/美国/剧情,8.9,605581人评价,人生中应该拥有这样的一段豁然开朗。
,低俗小说,1994/美国/剧情喜剧犯罪,8.9,712237人评价,故事的高级讲法。
,鬼子来了,2000/中国大陆/剧情喜剧,9.3,531552人评价,对敌人的仁慈，就是对自己残忍。
,大话西游之月光宝盒,1995/中国香港中国大陆/喜剧爱情奇幻古装,9.0,1056968人评价,旷古烁今。
,头号玩家,2018/美国/动作科幻冒险,8.7,1183327人评价,写给影迷，动漫迷和游戏迷的一封情书。
,七武士,1954/日本/动作冒险剧情,9.3,165189人评价,时代悲歌。
,音乐之声,1965/美国/剧情传记爱情歌舞,9.1,514578人评价,用音乐化解仇恨，让歌声串起美好。
,小鞋子,1997/伊朗/剧情儿童家庭,9.2,349348人评价,奔跑的孩子是天使。
,新龙门客栈,1992/中国香港中国大陆/动作爱情武侠古装,8.6,380171人评价,嬉笑怒骂，调风动月。
,东京教父,2003/日本/剧情喜剧动画,9.0,164648人评价,
,我爱你,2011/韩国/剧情爱情,9.1,142015人评价,你要相信，这世上真的有爱存在，不管在什么年纪 
,朗读者,2008/美国德国/剧情爱情,8.6,408228人评价,当爱情跨越年龄的界限，它似乎能变得更久远一点，成为一种责任，一种水到渠成的相濡以沫。 
,恐怖游轮,2009/英国澳大利亚/剧情悬疑惊悚,8.5,690639人评价,不要企图在重复中寻找已经失去的爱。
,恋恋笔记本,2004/美国/剧情爱情,8.6,568477人评价,爱情没有那么多借口，如果不能圆满，只能说明爱的不够。 
,侧耳倾听,1995/日本/剧情爱情动画,8.9,396135人评价,少女情怀总是诗。
,爱在日落黄昏时,2004/美国法国/剧情爱情,8.9,453271人评价,九年后的重逢是世俗和责任的交叠，没了悸动和青涩，沧桑而温暖。
,纵横四海,1991/中国香港/剧情喜剧动作犯罪,8.8,355237人评价,香港浪漫主义警匪动作片的巅峰之作。
,心迷宫,2014/中国大陆/剧情犯罪悬疑,8.7,430113人评价,荒诞讽刺，千奇百巧，抽丝剥茧，百转千回。
,春光乍泄,1997/中国香港日本韩国/剧情爱情同性,9.0,537191人评价,爱情纠缠，男女一致。
,七宗罪,1995/美国/剧情犯罪悬疑惊悚,8.8,825324人评价,警察抓小偷，老鼠玩死猫。
,天空之城,1986/日本/动画奇幻冒险,9.1,715915人评价,对天空的追逐，永不停止。 
,天堂电影院,1988/意大利法国/剧情爱情,9.2,591169人评价,那些吻戏，那些青春，都在影院的黑暗里被泪水冲刷得无比清晰。
,我是山姆,2001/美国/剧情家庭,9.0,276137人评价,爱并不需要智商 。
,阿凡达,2009/美国/动作科幻冒险,8.8,1204527人评价,绝对意义上的美轮美奂。
,疯狂的麦克斯4：狂暴之路,2015/澳大利亚美国/动作科幻冒险,8.6,450415人评价,“多么美好的一天！”轰轰轰砰咚，啪哒哒哒轰隆隆，磅~
,魂断蓝桥,1940/美国/剧情爱情战争,8.8,238473人评价,中国式内在的美国电影。
,小丑,2019/美国加拿大/剧情犯罪惊悚,8.7,854950人评价,
,爱乐之城,2016/美国/剧情爱情歌舞,8.4,720092人评价,
,色，戒,2007/中国台湾中国大陆美国中国香港/剧情爱情情色,8.5,616505人评价,假戏真情，爱欲深海
,魔女宅急便,1989/日本/动画奇幻冒险,8.7,394143人评价,宫崎骏的电影总让人感觉世界是美好的，阳光明媚的。
,借东西的小人阿莉埃蒂,2010/日本/动画奇幻冒险,8.9,469324人评价,曾经的那段美好会沉淀为一辈子的记忆。
,岁月神偷,2010/中国香港中国大陆/剧情家庭,8.7,518031人评价,岁月流逝，来日可追。
,摩登时代,1936/美国/剧情喜剧爱情,9.3,250938人评价,大时代中的人生，小人物的悲喜。
,喜剧之王,1999/中国香港/喜剧剧情爱情,8.8,824790人评价,我是一个演员。
,猫鼠游戏,2002/美国加拿大/传记犯罪剧情,9.1,795616人评价,骗子大师和执著警探的你追我跑故事。 
,闻香识女人,1992/美国/剧情,9.1,742054人评价,史上最美的探戈。
,波西米亚狂想曲,2018/英国美国/剧情传记同性音乐,8.7,501528人评价,
,无耻混蛋,2009/德国美国/剧情犯罪,8.6,408490人评价,昆汀同学越来越变态了，比北野武还杜琪峰。
,驴得水,2016/中国大陆/剧情喜剧,8.3,797545人评价,过去的如果就让它过去了，未来只会越来越糟！
,聚焦,2015/美国/剧情传记,8.8,241972人评价,新闻人的理性求真。
,2001太空漫游,1968/英国美国/科幻惊悚冒险,8.8,259332人评价,现代科幻电影的开山之作，最伟大导演的最伟大影片。
,城市之光,1931/美国/喜剧剧情爱情,9.3,118330人评价,永远的小人物，伟大的卓别林。
,记忆碎片,2000/美国/犯罪剧情悬疑惊悚,8.7,527729人评价,一个针管引发的血案。
,忠犬八公物语,1987/日本/剧情,9.2,164756人评价,养狗三日，便会对你终其一生。
,致命ID,2003/美国/剧情悬疑惊悚,8.8,690440人评价,最不可能的那个人永远是最可能的。
,被嫌弃的松子的一生,2006/日本/剧情歌舞,8.9,622884人评价,以戏谑来戏谑戏谑。
,指环王2：双塔奇兵,2002/美国新西兰/剧情动作奇幻冒险,9.2,640494人评价,承前启后的史诗篇章。
,罗马假日,1953/美国/喜剧剧情爱情,9.1,833097人评价,爱情哪怕只有一天。
,步履不停,2008/日本/剧情家庭,8.8,234113人评价,日本的家庭电影已经是世界巅峰了，步履不停是巅峰中的佳作。
,血钻,2006/美国德国英国/剧情惊悚冒险,8.7,317972人评价,每个美丽事物背后都是滴血的现实。
,火星救援,2015/英国美国匈牙利约旦/剧情科幻冒险,8.5,602147人评价,
,浪潮,2008/德国/剧情惊悚,8.7,237094人评价,世界离独裁只有五天。
,可可西里,2004/中国大陆中国香港/剧情犯罪,8.8,256290人评价,坚硬的信仰。
,二十二,2015/中国大陆/纪录片,8.7,261026人评价,有一些东西不应该被遗忘。
,海街日记,2015/日本/剧情家庭,8.8,369470人评价,是枝裕和的家庭习作。
,荒蛮故事,2014/阿根廷西班牙/剧情喜剧犯罪,8.8,374511人评价,始于荒诞，止于更荒诞。
,杀人回忆,2003/韩国/剧情动作犯罪悬疑惊悚,8.9,586549人评价,关于连环杀人悬案的集体回忆。
,加勒比海盗,2003/美国/动作冒险奇幻,8.8,744049人评价,约翰尼·德普的独角戏。
,钢琴家,2002/英国法国波兰德国/剧情传记战争音乐,9.2,491268人评价,音乐能化解仇恨。
,彗星来的那一夜,2013/美国英国/科幻悬疑惊悚,8.5,460832人评价,小成本大魅力。
,小萝莉的猴神大叔,2015/印度/剧情喜剧动作,8.4,429268人评价,宝莱坞的萝莉与大叔。
,猜火车,1996/英国/剧情犯罪,8.5,373379人评价,不可猜的青春迷笛。 
,剪刀手爱德华,1990/美国/剧情奇幻爱情,8.7,927485人评价,浪漫忧郁的成人童话。
,红辣椒,2006/日本/动画悬疑科幻惊悚,9.0,370235人评价,梦的勾结。
,燃情岁月,1994/美国/剧情爱情战争西部,8.8,250896人评价,传奇，不是每个人都可以拥有。
,战争之王,2005/法国德国美国/剧情犯罪,8.7,307976人评价,做一颗让别人需要你的棋子。
,千年女优,2001/日本/动画剧情爱情,8.8,202860人评价,爱情是一场没有尽头的虚幻追逐。
,狩猎,2012/丹麦瑞典/剧情,9.1,323559人评价,人言可畏。
,请以你的名字呼唤我,2017/意大利法国巴西美国荷兰德国/剧情爱情同性,8.9,593899人评价,沉醉在电影的情感和视听氛围中无法自拔。
,勇敢的心,1995/美国/动作传记剧情历史战争,8.9,505594人评价,史诗大片的典范。
,7号房的礼物,2013/韩国/剧情喜剧家庭,8.9,469471人评价,《我是山姆》的《美丽人生》。
,断背山,2005/美国加拿大/剧情爱情同性家庭,8.8,621561人评价,每个人心中都有一座断背山。
